Title,City,Salary,EmploymentType,JobURL,Company,Posted_date,RemoteStatus,JobID,Current_Date_Time
Sr. Project Analyst,Newport Beach,$49 - $51 / hr,Contractor,"https://www.ziprecruiter.com/c/DB-HEALTHCARE-INC/Job/Sr.-Project-Analyst/-in-Newport-Beach,CA?jid=b8f38f3e28c5baf6",DB HEALTHCARE INC,2023-12-12T15:27:50Z,remote,b8f38f3e28c5baf6,2024-01-31T10:15:24Z
Data Analyst,Fremont,$50 - $55 / hr,Contractor,"https://www.ziprecruiter.com/c/TEKsystems/Job/Data-Analyst/-in-Fremont,CA?jid=b7805bc4ae425006",TEKsystems,2024-01-19T03:07:09Z,,b7805bc4ae425006,2024-01-31T10:15:24Z
REMOTE - Data Analyst,Remote,$0 / ,Contractor,"https://www.ziprecruiter.com/c/Platinum-Resource-Group/Job/REMOTE-Data-Analyst/-in-Remote,OR?jid=8630e34d6771d89a",Platinum Resource Group,2024-01-23T08:00:00Z,remote,8630e34d6771d89a,2024-01-31T10:15:24Z
Technology Data & Reporting Analyst,Remote,$0 / ,Contractor,"https://www.ziprecruiter.com/c/Abacus-Service-Corporation/Job/Technology-Data-&-Reporting-Analyst/-in-Remote,OR?jid=48dee10fb9341efc",Abacus Service Corporation,2023-08-01T17:19:24Z,remote,48dee10fb9341efc,2024-01-31T10:15:24Z
Data Analyst I,Culver City,$34 - $39 / hr,Contractor,"https://www.ziprecruiter.com/c/MindSource/Job/Data-Analyst-I/-in-Culver-City,CA?jid=0baf84afe56be08b",MindSource,2024-01-11T08:00:00Z,remote,0baf84afe56be08b,2024-01-31T10:15:24Z
Data Analyst,Antioch,$44 - $46.21 / hr,Contractor,"https://www.ziprecruiter.com/c/Alpha-Consulting-Corp./Job/Data-Analyst/-in-Antioch,IL?jid=7518e4f178a979d4",Alpha Consulting Corp.,2024-01-05T08:00:00Z,,7518e4f178a979d4,2024-01-31T10:15:24Z
Data Analyst,San Francisco,$60 - $63 / hr,Contractor,"https://www.ziprecruiter.com/c/Laboratory-Technician-|-St.-Cloud-Shines/Job/Data-Analyst/-in-San-Francisco,CA?jid=6b706d3c3fcd5c9f",Laboratory Technician | St. Cloud Shines,2023-09-01T07:00:00Z,remote,6b706d3c3fcd5c9f,2024-01-31T10:15:24Z
Reporting Analyst - ERP / Accounting,Austin,$40 - $50 / hr,Contractor,"https://www.ziprecruiter.com/c/Simplex/Job/Reporting-Analyst-ERP-Accounting/-in-Austin,TX?jid=f384d37256930c31",Simplex,2024-01-29T18:16:52Z,,f384d37256930c31,2024-01-31T10:15:24Z
JR DATA ANALYST,Costa Mesa,$0 / ,Contractor,"https://www.ziprecruiter.com/c/Skiltrek/Job/JR-DATA-ANALYST/-in-Costa-Mesa,CA?jid=37720fc7ff9779ef",Skiltrek,2023-04-28T07:00:00Z,remote,37720fc7ff9779ef,2024-01-31T10:15:24Z
Data Analyst I-III,Myrtle Point,$15 - $24.70 / hr,Contractor,"https://www.ziprecruiter.com/c/InfoAge-Solutions-(IAS)/Job/Data-Analyst-I-III/-in-Myrtle-Point,OR?jid=647d7c634ccfd35c",InfoAge Solutions (IAS),2024-01-19T00:00:00Z,,647d7c634ccfd35c,2024-01-31T10:15:24Z
Data Analyst (Generic),San Jose,$0 / ,Contractor,"https://www.ziprecruiter.com/c/Zealogics.com/Job/Data-Analyst-(Generic)/-in-San-Jose,CA?jid=4ba1f99cab4a2a39",Zealogics.com,2024-01-30T21:11:23Z,,4ba1f99cab4a2a39,2024-01-31T10:15:24Z
Data Analyst,Beaverton,$0 / ,Contractor,"https://www.ziprecruiter.com/c/Genoa-Employment-Solutions-Inc/Job/Data-Analyst/-in-Beaverton,OR?jid=bac461cd631bdf85",Genoa Employment Solutions Inc,2022-11-29T07:27:49Z,remote,bac461cd631bdf85,2024-01-31T10:15:24Z
Product Analyst,Burnsville,$25 - $33 / hr,Contractor,"https://www.ziprecruiter.com/c/Konik/Job/Product-Analyst/-in-Burnsville,MN?jid=cee7a3e738b2add2",Konik,2024-01-17T08:00:00Z,,cee7a3e738b2add2,2024-01-31T10:15:24Z
Product Data Analyst,Cupertino,$45 - $65 / hr,Contractor,"https://www.ziprecruiter.com/c/TEKsystems/Job/Product-Data-Analyst/-in-Cupertino,CA?jid=0b4597fe4c48e539",TEKsystems,2024-01-23T01:47:49Z,,0b4597fe4c48e539,2024-01-31T10:15:24Z
"Data Warehouse Reporting Analyst, Sr.",Orange,$45.67 - $74.55 / hr,Contractor,"https://www.ziprecruiter.com/c/Impresiv-Health/Job/Data-Warehouse-Reporting-Analyst,-Sr./-in-Orange,CA?jid=f2543ece6f620d04",Impresiv Health,2023-01-11T00:00:00Z,remote,f2543ece6f620d04,2024-01-31T10:15:24Z
TRIBAL INTERN - Data Analyst,Phoenix,$20 / hr,Contractor,"https://www.ziprecruiter.com/c/Central-Arizona-Project/Job/TRIBAL-INTERN-Data-Analyst/-in-Phoenix,AZ?jid=d9df4b57a4a7474f",Central Arizona Project,2023-12-18T00:00:00Z,remote,d9df4b57a4a7474f,2024-01-31T10:15:24Z
Data Analyst,San Diego,$24 / hr,Contractor,"https://www.ziprecruiter.com/c/Artech-Information-System-LLC/Job/Data-Analyst/-in-San-Diego,CA?jid=950d2cf00803f1b1",Artech Information System LLC,2017-09-08T07:00:00Z,,950d2cf00803f1b1,2024-01-31T10:15:24Z
"Analyst 1, Cust Contract Admin",San Diego,$26 / hr,Contractor,"https://www.ziprecruiter.com/c/TechDigital-Corporation/Job/Analyst-1,-Cust-Contract-Admin/-in-San-Diego,CA?jid=5f383cacf1f17f3f",TechDigital Corporation,2024-01-04T22:34:39Z,,5f383cacf1f17f3f,2024-01-31T10:15:24Z
Real World Evidence (RWE) - Data Analyst,Remote,$0 / ,Contractor,"https://www.ziprecruiter.com/c/Alpha-Consulting-Corp./Job/Real-World-Evidence-(RWE)-Data-Analyst/-in-Remote,OR?jid=48b94654857cd8b5",Alpha Consulting Corp.,2023-10-25T11:46:03Z,remote,48b94654857cd8b5,2024-01-31T10:15:24Z
Compliance Analyst (eCommerce) - Hybrid,San Jose,$35 - $41.52 / hr,Contractor,"https://www.ziprecruiter.com/c/Intelliswift-Software-Inc/Job/Compliance-Analyst-(eCommerce)-Hybrid/-in-San-Jose,CA?jid=0afa3d6c25e4f3ab",Intelliswift Software Inc,2024-01-10T10:20:17Z,,0afa3d6c25e4f3ab,2024-01-31T10:15:24Z
Data Analyst IV,Cupertino,$61 - $66 / hr,Contractor,"https://www.ziprecruiter.com/c/MindSource/Job/Data-Analyst-IV/-in-Cupertino,CA?jid=bd445b724c7a0ffb",MindSource,2024-01-22T08:00:00Z,,bd445b724c7a0ffb,2024-01-31T10:15:28Z
EOI - Data Analyst - ContractHybrid,Bartlesville,$0 / ,Contractor,"https://www.ziprecruiter.com/c/ConocoPhillips/Job/EOI-Data-Analyst-ContractHybrid/-in-Bartlesville,OK?jid=d56b1591ee321c7b",ConocoPhillips,2023-04-14T02:53:22Z,,d56b1591ee321c7b,2024-01-31T10:15:28Z
Senior Project Analyst,Newport Beach,$45 - $55 / hr,Contractor,"https://www.ziprecruiter.com/c/Peregrine-Team/Job/Senior-Project-Analyst/-in-Newport-Beach,CA?jid=696046f07b3f513b",Peregrine Team,2024-01-12T04:08:22Z,,696046f07b3f513b,2024-01-31T10:15:28Z
Data Analyst/SR (29689),Phoenix,$0 / ,Contractor,"https://www.ziprecruiter.com/c/IDEALFORCE-LLC/Job/Data-Analyst-SR-(29689)/-in-Phoenix,AZ?jid=345df3be7374aaa3",IDEALFORCE LLC,2014-07-25T07:00:00Z,,345df3be7374aaa3,2024-01-31T10:15:28Z
Digital eCommerce Analyst,Calabasas,$30 / hr,Contractor,"https://www.ziprecruiter.com/c/Adecco/Job/Digital-eCommerce-Analyst/-in-Calabasas,CA?jid=2a13145ded493872",Adecco,2024-01-05T00:28:47Z,,2a13145ded493872,2024-01-31T10:15:28Z
Business Intelligence Analyst,San Francisco,$75 / hr,Contractor,"https://www.ziprecruiter.com/c/Estrada-Consulting-Incorporated/Job/Business-Intelligence-Analyst/-in-San-Francisco,CA?jid=0008e628e95ca8b5",Estrada Consulting Incorporated,2024-01-22T21:58:38Z,,0008e628e95ca8b5,2024-01-31T10:15:28Z
Jr- Mid-level Data Analyst/Engineer,Englewood,$0 / ,Contractor,"https://www.ziprecruiter.com/c/ClientSolv-Technologies/Job/Jr-Mid-level-Data-Analyst-Engineer/-in-Englewood,CO?jid=65f771f3568973d7",ClientSolv Technologies,2022-01-25T08:00:00Z,,65f771f3568973d7,2024-01-31T10:15:28Z
Data Analyst,Upper Saint Clair,$0 / ,Contractor,"https://www.ziprecruiter.com/c/Latitude,-Inc./Job/Data-Analyst/-in-Upper-Saint-Clair,PA?jid=59982d4782a69c66","Latitude, Inc.",2023-05-05T15:14:28Z,,59982d4782a69c66,2024-01-31T10:15:28Z
Data Analyst,Phoenix,$0 / ,Contractor,"https://www.ziprecruiter.com/c/Atria-Group-LLC/Job/Data-Analyst/-in-Phoenix,AZ?jid=dd96659d6e5639ac",Atria Group LLC,2016-02-15T08:00:00Z,,dd96659d6e5639ac,2024-01-31T10:15:28Z
Data Analyst,Irvine,$0 / ,Contractor,"https://www.ziprecruiter.com/c/eTeam-Inc/Job/Data-Analyst/-in-Irvine,CA?jid=e9507c463164cbef",eTeam Inc,2021-01-27T08:00:00Z,,e9507c463164cbef,2024-01-31T10:15:28Z
"Data Analyst Lead - Richardson, TX",Richardson,$0 / ,Contractor,"https://www.ziprecruiter.com/c/Deegit-Inc/Job/Data-Analyst-Lead-Richardson,-TX/-in-Richardson,TX?jid=1e18680fcf5aee29",Deegit Inc,2015-09-21T00:00:00Z,,1e18680fcf5aee29,2024-01-31T10:15:28Z
Looking for a Data analyst with our direct banking client,Plano,$0 / ,Contractor,"https://www.ziprecruiter.com/c/Artech/Job/Looking-for-a-Data-analyst-with-our-direct-banking-client/-in-Plano,TX?jid=4035bf9df57fd074",Artech,2023-10-06T23:13:04Z,,4035bf9df57fd074,2024-01-31T10:15:28Z
ArcGis Data Analyst,Denver,$0 / ,Contractor,"https://www.ziprecruiter.com/c/Marathon-TS/Job/ArcGis-Data-Analyst/-in-Denver,CO?jid=46b475e2eec62c1f",Marathon TS,2019-08-21T07:00:00Z,,46b475e2eec62c1f,2024-01-31T10:15:28Z
Data Analyst Level II (38945),Phoenix,$0 / ,Contractor,"https://www.ziprecruiter.com/c/IDEALFORCE-LLC/Job/Data-Analyst-Level-II-(38945)/-in-Phoenix,AZ?jid=9b242ea8c070cc49",IDEALFORCE LLC,2016-02-24T08:00:00Z,,9b242ea8c070cc49,2024-01-31T10:15:28Z
Data Analyst,Chicago,$0 / ,Contractor,"https://www.ziprecruiter.com/c/Ask-IT-consulting/Job/Data-Analyst/-in-Chicago,IL?jid=24cb8b82dcce6c4c",Ask IT consulting,2014-06-17T07:00:00Z,,24cb8b82dcce6c4c,2024-01-31T10:15:28Z
Business Analyst - B,Des Plaines,$0 / ,Contractor,"https://www.ziprecruiter.com/c/Accountant-Iv-:-22-22194-Banking-Jobs-|-Bank-Careers/Job/Business-Analyst-B/-in-Des-Plaines,IL?jid=3fbf919577735ab9",Accountant Iv #: 22-22194 - Banking Jobs | Bank Careers,2024-01-29T08:00:00Z,,3fbf919577735ab9,2024-01-31T10:15:28Z
Data Analyst,Redmond,$0 / ,Contractor,"https://www.ziprecruiter.com/c/SRI-Tech-solutions-Inc/Job/Data-Analyst/-in-Redmond,WA?jid=c9ea9e54bc0a6c00",SRI Tech solutions Inc,2016-07-08T07:00:00Z,,c9ea9e54bc0a6c00,2024-01-31T10:15:28Z
GCR Data Analyst - Contract,Houston,$0 / ,Contractor,"https://www.ziprecruiter.com/c/ConocoPhillips/Job/GCR-Data-Analyst-Contract/-in-Houston,TX?jid=b8a7ad798fff20e3",ConocoPhillips,2023-11-17T00:40:35Z,,b8a7ad798fff20e3,2024-01-31T10:15:28Z
Data Analyst (Research Analyst),Lake Bluff,$0 / ,Contractor,"https://www.ziprecruiter.com/c/Infinite-Computing-Systems/Job/Data-Analyst-(Research-Analyst)/-in-Lake-Bluff,IL?jid=9d9f4742a7f4854b",Infinite Computing Systems,2020-11-05T08:00:00Z,,9d9f4742a7f4854b,2024-01-31T10:15:28Z
Document/Data Analyst,Boulder,$0 / ,Contractor,"https://www.ziprecruiter.com/c/Integrated-Resources-INC/Job/Document-Data-Analyst/-in-Boulder,CO?jid=09372b8099ec323f",Integrated Resources INC,2016-08-09T07:00:00Z,,09372b8099ec323f,2024-01-31T10:15:28Z
Data Analyst III,Cupertino,$0 / ,Contractor,"https://www.ziprecruiter.com/c/eTeam-Inc/Job/Data-Analyst-III/-in-Cupertino,CA?jid=73a49e30012ef5f2",eTeam Inc,2023-12-13T08:00:00Z,,73a49e30012ef5f2,2024-01-31T10:15:36Z
Logistics Analyst III,Austin,$0 / ,Contractor,"https://www.ziprecruiter.com/c/Laboratory-Technician-|-St.-Cloud-Shines/Job/Logistics-Analyst-III/-in-Austin,TX?jid=52b59e2d911c364b",Laboratory Technician | St. Cloud Shines,2024-01-17T08:00:00Z,,52b59e2d911c364b,2024-01-31T10:15:36Z
Business Analyst - Utility Data Contractors,San Diego,$0 / ,Contractor,"https://www.ziprecruiter.com/c/Shiftcode-Analytics,-Inc/Job/Business-Analyst-Utility-Data-Contractors/-in-San-Diego,CA?jid=adac6c46d75ea85c","Shiftcode Analytics, Inc",2024-01-23T04:40:46Z,,adac6c46d75ea85c,2024-01-31T10:15:36Z
Data Engineer/Analyst,Fremont,$0 / ,Contractor,"https://www.ziprecruiter.com/c/RIT-Solutions/Job/Data-Engineer-Analyst/-in-Fremont,CA?jid=deb643b03d31e086",RIT Solutions,2023-11-30T08:00:00Z,,deb643b03d31e086,2024-01-31T10:15:36Z
BUSINESS ANALYST,Addison,$0 / ,Contractor,"https://www.ziprecruiter.com/c/SHIRO-Technologies-Inc/Job/BUSINESS-ANALYST/-in-Addison,TX?jid=2004fb116661e78a",SHIRO Technologies Inc,2023-06-23T00:00:00Z,,2004fb116661e78a,2024-01-31T10:15:36Z
Data Integration Architect,Pleasanton,$52 - $69 / hr,Contractor,"https://www.ziprecruiter.com/c/Workday/Job/Data-Integration-Architect/-in-Pleasanton,CA?jid=a81d12218066b32d",Workday,2024-01-24T03:48:28Z,,a81d12218066b32d,2024-01-31T10:15:36Z
IT Data Analyst,Nashville,$0 / ,Contractor,"https://www.ziprecruiter.com/c/Open-Systems-Technologies/Job/IT-Data-Analyst/-in-Nashville,TN?jid=73bf746eb108c3e2",Open Systems Technologies,2017-07-05T07:00:00Z,,73bf746eb108c3e2,2024-01-31T10:15:36Z
Jr. Data Analyst,Walnut Creek,$0 / ,Contractor,"https://www.ziprecruiter.com/c/Artech-Information-System-LLC/Job/Jr.-Data-Analyst/-in-Walnut-Creek,CA?jid=a1d231590e7a6886",Artech Information System LLC,2017-02-16T08:00:00Z,,a1d231590e7a6886,2024-01-31T10:15:36Z
Data Analyst,Concord,$0 / ,Contractor,"https://www.ziprecruiter.com/c/H1B-Sponsorship-Jobs-in-Usa/Job/Data-Analyst/-in-Concord,CA?jid=892b4786697af76c",H1B Sponsorship Jobs in Usa,2023-11-20T16:20:54Z,,892b4786697af76c,2024-01-31T10:15:36Z
Supply Chain Data and Program Analyst,Sunnyvale,$0 / ,Contractor,"https://www.ziprecruiter.com/c/Pyramid-Consulting/Job/Supply-Chain-Data-and-Program-Analyst/-in-Sunnyvale,CA?jid=1a5f542d0a51be44",Pyramid Consulting,2021-04-14T07:00:00Z,,1a5f542d0a51be44,2024-01-31T10:15:36Z
Senior Data Analyst,San Jose,$0 / ,Contractor,"https://www.ziprecruiter.com/c/FocusKPI-Inc./Job/Senior-Data-Analyst/-in-San-Jose,CA?jid=a2686abbd95104cd",FocusKPI Inc.,2023-12-13T23:15:05Z,,a2686abbd95104cd,2024-01-31T10:15:36Z
Denver CO_Business Data analyst(SAS exp preferrred)_W2,Denver,$0 / ,Contractor,"https://www.ziprecruiter.com/c/360-IT-Professionals/Job/Denver-CO_Business-Data-analyst(SAS-exp-preferrred)_W2/-in-Denver,CO?jid=4f192d2530bd1c5b",360 IT Professionals,2017-06-02T07:00:00Z,,4f192d2530bd1c5b,2024-01-31T10:15:36Z
Business Data Analyst III,Denver,$0 / ,Contractor,"https://www.ziprecruiter.com/c/Ask-IT-consulting/Job/Business-Data-Analyst-III/-in-Denver,CO?jid=b1ee76a754536486",Ask IT consulting,2017-07-12T07:00:00Z,,b1ee76a754536486,2024-01-31T10:15:36Z
Business Analyst - III,San Francisco,$58 / hr,Contractor,"https://www.ziprecruiter.com/c/TechDigital-Corporation/Job/Business-Analyst-III/-in-San-Francisco,CA?jid=ff6d33c29826a7f0",TechDigital Corporation,2024-01-05T04:30:56Z,,ff6d33c29826a7f0,2024-01-31T10:15:36Z
Business Data Analyst,Seattle,$0 / ,Contractor,"https://www.ziprecruiter.com/c/Full-Time-Contract-for-Workday-Integrations-Consultant-in-Sunnyvale-or-Austin-(Relocation-necessa.../Job/Business-Data-Analyst/-in-Seattle,WA?jid=63f70720679a7d95",Full Time/Contract for Workday Integrations Consultant in Sunnyvale or Austin (Relocation necessa...,2023-09-28T07:00:00Z,,63f70720679a7d95,2024-01-31T10:15:36Z
Workday Data Analyst,San Francisco,$0 / ,Contractor,"https://www.ziprecruiter.com/c/Abacus-Service-Corporation/Job/Workday-Data-Analyst/-in-San-Francisco,CA?jid=30352ba023de8fe1",Abacus Service Corporation,2021-12-16T08:00:00Z,,30352ba023de8fe1,2024-01-31T10:15:36Z
Sr. Data Analyst,San Diego,$91K - $115K / yr,Contractor,"https://www.ziprecruiter.com/c/CEDENT/Job/Sr.-Data-Analyst/-in-San-Diego,CA?jid=389bda92b64f3c1d",CEDENT,2023-06-26T10:00:00Z,,389bda92b64f3c1d,2024-01-31T10:15:36Z
System Analyst- Product Information Management,Remote,$0 / ,Contractor,"https://www.ziprecruiter.com/c/Analyst-It-Vulnerability-Management-:-23-00057-IT-Jobs-|-IT-Positions/Job/System-Analyst-Product-Information-Management/-in-Remote,OR?jid=4d82205f42bd204e",Analyst It Vulnerability Management #: 23-00057 - IT Jobs | IT Positions,2024-01-11T08:00:00Z,,4d82205f42bd204e,2024-01-31T10:15:36Z
Business Analyst (Trade Surveillance),Plano,$0 / ,Contractor,"https://www.ziprecruiter.com/c/Manual-Tester-Monterrey-empleos-en-mexico/Job/Business-Analyst-(Trade-Surveillance)/-in-Plano,TX?jid=a3580bd134a13467",Manual Tester - Monterrey - empleos en mexico,2023-07-31T07:00:00Z,,a3580bd134a13467,2024-01-31T10:15:36Z
IT Data Analyst,Nashville,$0 / ,Contractor,"https://www.ziprecruiter.com/c/Open-Systems-Technologies/Job/IT-Data-Analyst/-in-Nashville,TN?jid=73bf746eb108c3e2",Open Systems Technologies,2017-07-05T07:00:00Z,,73bf746eb108c3e2,2024-01-31T10:15:41Z
Systems and Data Analyst 4,Englewood,$0 / ,Contractor,"https://www.ziprecruiter.com/c/ACL-Digital/Job/Systems-and-Data-Analyst-4/-in-Englewood,CO?jid=e656a75d0618690e",ACL Digital,2023-07-14T00:00:00Z,,e656a75d0618690e,2024-01-31T10:15:41Z
Business Analyst (Business Data Analyst),San Francisco,$0 / ,Contractor,"https://www.ziprecruiter.com/c/H1B-Sponsorship-Jobs-in-Usa/Job/Business-Analyst-(Business-Data-Analyst)/-in-San-Francisco,CA?jid=35093afff9755bdb",H1B Sponsorship Jobs in Usa,2023-11-29T08:00:00Z,,35093afff9755bdb,2024-01-31T10:15:41Z
Data Analyst - Global Places and Security,Santa Clara,$0 / ,Contractor,"https://www.ziprecruiter.com/c/TalentBurst,-Inc./Job/Data-Analyst-Global-Places-and-Security/-in-Santa-Clara,CA?jid=f5439c4e862aab6f","TalentBurst, Inc.",2024-01-08T08:00:00Z,remote,f5439c4e862aab6f,2024-01-31T10:15:41Z
Operations Analyst 4,Austin,$50 - $54 / hr,Contractor,"https://www.ziprecruiter.com/c/Ursus/Job/Operations-Analyst-4/-in-Austin,TX?jid=2604f809cad0d7e4",Ursus,2023-12-20T08:00:00Z,remote,2604f809cad0d7e4,2024-01-31T10:15:41Z
Business Data Analyst,Redwood City,$0 / ,Contractor,"https://www.ziprecruiter.com/c/SV-Tech-Systems-Inc/Job/Business-Data-Analyst/-in-Redwood-City,CA?jid=ef42bafe591f08c6",SV Tech Systems Inc,2015-04-06T07:00:00Z,,ef42bafe591f08c6,2024-01-31T10:15:41Z
Business Analyst/Data Analysts,Santa Clara,$0 / ,Contractor,"https://www.ziprecruiter.com/c/360-IT-Professionals/Job/Business-Analyst-Data-Analysts/-in-Santa-Clara,CA?jid=0767b78ffe8f8abf",360 IT Professionals,2017-08-21T07:00:00Z,,0767b78ffe8f8abf,2024-01-31T10:15:41Z
Business System Data Analyst,Salem,$0 / ,Contractor,"https://www.ziprecruiter.com/c/SA-Technologies-Inc./Job/Business-System-Data-Analyst/-in-Salem,OR?jid=aaabd6b6f0b85f60",SA Technologies Inc.,2017-05-02T07:00:00Z,,aaabd6b6f0b85f60,2024-01-31T10:15:41Z
Reporting Analyst - Financial Risk Reporting,Dallas,$60 - $68 / hr,Contractor,"https://www.ziprecruiter.com/c/Pyramid-Consulting/Job/Reporting-Analyst-Financial-Risk-Reporting/-in-Dallas,TX?jid=ee09074d8b87008a",Pyramid Consulting,2024-01-18T08:00:00Z,,ee09074d8b87008a,2024-01-31T10:15:41Z
Senior IT Business Analyst,Remote,$86K - $115K / yr,Contractor,"https://www.ziprecruiter.com/c/Resource-Informatics-Group/Job/Senior-IT-Business-Analyst/-in-Remote,OR?jid=e4ae004eb25f2a28",Resource Informatics Group,2023-11-06T08:00:00Z,,e4ae004eb25f2a28,2024-01-31T10:15:41Z
Supplier Operations Analyst,San Rafael,$0 / ,Contractor,"https://www.ziprecruiter.com/c/TalentBurst,-Inc./Job/Supplier-Operations-Analyst/-in-San-Rafael,CA?jid=dc9ce42b0bcdac94","TalentBurst, Inc.",2023-11-07T08:00:00Z,remote,dc9ce42b0bcdac94,2024-01-31T10:15:41Z
Two Openings - 24 Months Contract - Healthcare Business Analyst with SQL Database experience and BA/,Oakland,$0 / ,Contractor,"https://www.ziprecruiter.com/c/Resource-Informatics-Group-Inc/Job/Two-Openings-24-Months-Contract-Healthcare-Business-Analyst-with-SQL-Database-experience-and-BA-/-in-Oakland,CA?jid=ee7706c10fc46bd4",Resource Informatics Group Inc,2022-09-06T22:45:31Z,,ee7706c10fc46bd4,2024-01-31T10:15:41Z
Business Analyst Finance,Chicago,$0 / ,Contractor,"https://www.ziprecruiter.com/c/Resource-Logistics/Job/Business-Analyst-Finance/-in-Chicago,IL?jid=28de9a811ab399d2",Resource Logistics,2024-01-18T08:00:00Z,,28de9a811ab399d2,2024-01-31T10:15:41Z
Climate Risk Business Analyst IV,Menlo Park,$0 / ,Contractor,"https://www.ziprecruiter.com/c/NATA-Certified-|-Columbus-OH-FBO-|-Rickenbacker-Aviation/Job/Climate-Risk-Business-Analyst-IV/-in-Menlo-Park,CA?jid=7cd23531a6911995",NATA-Certified | Columbus OH FBO | Rickenbacker Aviation,2024-01-25T08:00:00Z,remote,7cd23531a6911995,2024-01-31T10:15:41Z
Cyber Security Operations Analyst,San Jose,$50 - $60 / hr,Contractor,"https://www.ziprecruiter.com/c/Ursus,-Inc./Job/Cyber-Security-Operations-Analyst/-in-San-Jose,CA?jid=4d3a6b11f514470a","Ursus, Inc.",2023-09-20T07:00:00Z,,4d3a6b11f514470a,2024-01-31T10:15:41Z
Compensation Analyst,Denver,$0 / ,Contractor,"https://www.ziprecruiter.com/c/Crescens-Inc./Job/Compensation-Analyst/-in-Denver,CO?jid=fbd5874f1eba67f9",Crescens Inc.,2023-08-25T07:00:00Z,remote,fbd5874f1eba67f9,2024-01-31T10:15:41Z
Scaled Abuse Operations Data Analyst - Arabic,Sunnyvale,$0 / ,Contractor,"https://www.ziprecruiter.com/c/BCforward/Job/Scaled-Abuse-Operations-Data-Analyst-Arabic/-in-Sunnyvale,CA?jid=c714577bdce9656e",BCforward,2016-10-17T07:00:00Z,,c714577bdce9656e,2024-01-31T10:15:41Z
Business Systems Analyst-Senior-CIO Org,San Diego,$60 - $62 / hr,Contractor,"https://www.ziprecruiter.com/c/Leadstack/Job/Business-Systems-Analyst-Senior-CIO-Org/-in-San-Diego,CA?jid=4e4d9fb42a131ce0",Leadstack,2024-01-23T08:00:00Z,remote,4e4d9fb42a131ce0,2024-01-31T10:15:41Z
Data Analyst/Report Writer,Austin,$0 / ,Contractor,"https://www.ziprecruiter.com/c/Indotronix-International-Corporation/Job/Data-Analyst-Report-Writer/-in-Austin,TX?jid=ea5123c269eb6f30",Indotronix International Corporation,2021-10-26T13:52:41Z,,ea5123c269eb6f30,2024-01-31T10:15:41Z
BUSINESS ANALYST - JIRA,Morristown,$40 - $65 / hr,Contractor,"https://www.ziprecruiter.com/c/TURNKEY-CONSULTANT-SERVICES-INC/Job/BUSINESS-ANALYST-JIRA/-in-Morristown,NJ?jid=a831e89e57b9f113",TURNKEY CONSULTANT SERVICES INC,2022-11-20T14:21:11Z,remote,a831e89e57b9f113,2024-01-31T10:15:53Z
Sr. Project Analyst,Newport Beach,$49 - $51 / hr,Contractor,"https://www.ziprecruiter.com/c/DB-HEALTHCARE-INC/Job/Sr.-Project-Analyst/-in-Newport-Beach,CA?jid=b8f38f3e28c5baf6",DB HEALTHCARE INC,2023-12-12T15:27:50Z,remote,b8f38f3e28c5baf6,2024-01-31T10:15:53Z
Senior Business Analyst / Project Manager,Cerritos,$96K - $124K / yr,Contractor,"https://www.ziprecruiter.com/c/Illuminous-Enterprises-Inc/Job/Senior-Business-Analyst-Project-Manager/-in-Cerritos,CA?jid=85032037bd94afe7",Illuminous Enterprises Inc,2023-06-16T17:34:59Z,remote,85032037bd94afe7,2024-01-31T10:15:53Z
SalesForce Business Systems Analyst (Marketing Cloud) - Partial Remote,Fountain Valley,$130K - $140K / yr,Contractor,"https://www.ziprecruiter.com/c/Silicon-Beach-Solutions/Job/SalesForce-Business-Systems-Analyst-(Marketing-Cloud)-Partial-Remote/-in-Fountain-Valley,CA?jid=37800dcdba26feb9",Silicon Beach Solutions,2023-11-01T17:17:26Z,,37800dcdba26feb9,2024-01-31T10:15:53Z
Natural Gas Accounting Analyst II,Katy,$38 - $44 / hr,Contractor,"https://www.ziprecruiter.com/c/ICSI/Job/Natural-Gas-Accounting-Analyst-II/-in-Katy,TX?jid=e7b99e92797c3760",ICSI,2024-01-25T21:59:03Z,,e7b99e92797c3760,2024-01-31T10:15:53Z
Business Analyst,Phoenix,$0 / ,Contractor,"https://www.ziprecruiter.com/c/Knowledge-Services/Job/Business-Analyst/-in-Phoenix,AZ?jid=9584bb889095ff21",Knowledge Services,2024-01-30T01:51:22Z,,9584bb889095ff21,2024-01-31T10:15:53Z
Business Analyst I,Los Angeles,$49.88 - $71.25 / hr,Contractor,"https://www.ziprecruiter.com/c/Genesis-Corp.-New-Journey-AI-LLC/Job/Business-Analyst-I/-in-Los-Angeles,CA?jid=da6f6749558ff6c3",Genesis Corp./New Journey AI LLC,2024-01-30T22:38:04Z,,da6f6749558ff6c3,2024-01-31T10:15:53Z
Business Analyst,Oakland,$30 - $45 / hr,Contractor,"https://www.ziprecruiter.com/c/MetroSys/Job/Business-Analyst/-in-Oakland,CA?jid=168e6050ba7aff0d",MetroSys,2023-11-22T01:30:19Z,,168e6050ba7aff0d,2024-01-31T10:15:53Z
Oracle BRM Developer,New York,$50 - $60 / hr,Contractor,"https://www.ziprecruiter.com/c/Cross-Sense-Analytics-LLC/Job/Oracle-BRM-Developer/-in-New-York,NY?jid=e27d6d724d0ed4e8",Cross Sense Analytics LLC,2020-12-09T22:34:50Z,,e27d6d724d0ed4e8,2024-01-31T10:15:53Z
Outside Sales - Remote,San Antonio,$100K - $200K / yr,Contractor,"https://www.ziprecruiter.com/c/Patriots-Payment-Processing-Llc/Job/Outside-Sales-Remote/-in-San-Antonio,TX?jid=97f1f66aa770f070",Patriots Payment Processing Llc,2023-01-24T21:56:23Z,,97f1f66aa770f070,2024-01-31T10:15:53Z
Business Analyst,Remote,$0 / ,Contractor,"https://www.ziprecruiter.com/c/AppLab-Systems,-Inc./Job/Business-Analyst/-in-Remote,OR?jid=5c4d80ced10c9151","AppLab Systems, Inc.",2022-11-15T08:00:00Z,remote,5c4d80ced10c9151,2024-01-31T10:15:53Z
Business Systems Analyst,West Sacramento,$70 / hr,Contractor,"https://www.ziprecruiter.com/c/Estrada-Consulting-Incorporated/Job/Business-Systems-Analyst/-in-West-Sacramento,CA?jid=32c7c2ccd9298838",Estrada Consulting Incorporated,2024-01-04T12:04:47Z,,32c7c2ccd9298838,2024-01-31T10:15:53Z
Business Analyst,Remote,$0 / ,Contractor,"https://www.ziprecruiter.com/c/Advansys/Job/Business-Analyst/-in-Remote,OR?jid=374bd3fccc38d2b9",Advansys,2021-04-21T07:00:00Z,remote,374bd3fccc38d2b9,2024-01-31T10:15:53Z
Marketing Business Analyst (Project Manager),Bellevue,$76.58 - $79.22 / hr,Contractor,"https://www.ziprecruiter.com/c/Intelliswift-Software-Inc/Job/Marketing-Business-Analyst-(Project-Manager)/-in-Bellevue,WA?jid=3b1860319896897c",Intelliswift Software Inc,2024-01-18T04:23:48Z,,3b1860319896897c,2024-01-31T10:15:53Z
Sr Business Process Analyst (SDLC And Training),Folsom,$55 - $69 / hr,Contractor,"https://www.ziprecruiter.com/c/TEKsystems/Job/Sr-Business-Process-Analyst-(SDLC-And-Training)/-in-Folsom,CA?jid=4c5cf1cd15212b5c",TEKsystems,2024-01-29T23:51:52Z,,4c5cf1cd15212b5c,2024-01-31T10:15:53Z
Business Analyst I - With Healthcare Experience,New York,$0 / ,Contractor,"https://www.ziprecruiter.com/c/Lincoln-IT/Job/Business-Analyst-I-With-Healthcare-Experience/-in-New-York,NY?jid=b9f3c215c09fdf23",Lincoln IT,2023-07-03T20:30:28Z,,b9f3c215c09fdf23,2024-01-31T10:15:53Z
Business Analyst - III,San Francisco,$58 / hr,Contractor,"https://www.ziprecruiter.com/c/TechDigital-Corporation/Job/Business-Analyst-III/-in-San-Francisco,CA?jid=ff6d33c29826a7f0",TechDigital Corporation,2024-01-05T04:30:56Z,,ff6d33c29826a7f0,2024-01-31T10:15:53Z
Business Analyst - Salesforce,Pleasanton,$52 - $69 / hr,Contractor,"https://www.ziprecruiter.com/c/Workday/Job/Business-Analyst-Salesforce/-in-Pleasanton,CA?jid=69116dee20941254",Workday,2024-01-23T03:33:01Z,,69116dee20941254,2024-01-31T10:15:53Z
Senior Business Analyst Consultant,Harrisburg,$91K - $118K / yr,Contractor,"https://www.ziprecruiter.com/c/LingaTech/Job/Senior-Business-Analyst-Consultant/-in-Harrisburg,PA?jid=5629037bf3ea4bd8",LingaTech,2024-01-31T03:19:43Z,,5629037bf3ea4bd8,2024-01-31T10:15:53Z
"Business Analyst / Remote (Salem, OR ) ,3+Months Contract",Salem,$0 / ,Contractor,"https://www.ziprecruiter.com/c/Suncap-Technology/Job/Business-Analyst-Remote-(Salem,-OR-)-,3+Months-Contract/-in-Salem,OR?jid=5e2a7620058a1f4f",Suncap Technology,2022-11-02T07:00:00Z,remote,5e2a7620058a1f4f,2024-01-31T10:15:53Z
Technical Business Analyst / Sr. Product Owner,Los Angeles,$57 - $63 / hr,Contractor,"https://www.ziprecruiter.com/c/iSpace-Inc./Job/Technical-Business-Analyst-Sr.-Product-Owner/-in-Los-Angeles,CA?jid=a1496ae3d906e319",iSpace Inc.,2023-12-14T04:27:04Z,remote,a1496ae3d906e319,2024-01-31T10:15:57Z
"Business Analyst, SAP PLM Registration",San Mateo,$0 / ,Contractor,"https://www.ziprecruiter.com/c/I.T.-Solutions/Job/Business-Analyst,-SAP-PLM-Registration/-in-San-Mateo,CA?jid=8c086d82e44eabf9",I.T. Solutions,2024-01-29T08:00:00Z,,8c086d82e44eabf9,2024-01-31T10:15:57Z
IT Business Analyst,Seattle,$54.54 - $62.54 / hr,Contractor,"https://www.ziprecruiter.com/c/Genesis-Corp.-New-Journey-AI-LLC/Job/IT-Business-Analyst/-in-Seattle,WA?jid=c533db533d023be6",Genesis Corp./New Journey AI LLC,2024-01-20T04:30:35Z,,c533db533d023be6,2024-01-31T10:15:57Z
Account Payable Specialist- Long term contract,Litchfield Park,$21 - $26 / hr,Contractor,"https://www.ziprecruiter.com/c/JCO-Workforce-Solutions,-LLC/Job/Account-Payable-Specialist-Long-term-contract/-in-Litchfield-Park,AZ?jid=13321ec6b534c566","JCO Workforce Solutions, LLC",2023-11-11T00:09:12Z,,13321ec6b534c566,2024-01-31T10:15:57Z
Technical Business Analyst with Commercial Banking,Dallas,$47 - $52 / hr,Contractor,"https://www.ziprecruiter.com/c/Genpact/Job/Technical-Business-Analyst-with-Commercial-Banking/-in-Dallas,TX?jid=8003c4459c4255b7",Genpact,2023-02-15T20:46:38Z,remote,8003c4459c4255b7,2024-01-31T10:15:57Z
Oracle BRM Developer,New York,$50 - $60 / hr,Contractor,"https://www.ziprecruiter.com/c/Cross-Sense-Analytics-LLC/Job/Oracle-BRM-Developer/-in-New-York,NY?jid=e27d6d724d0ed4e8",Cross Sense Analytics LLC,2020-12-09T22:34:50Z,,e27d6d724d0ed4e8,2024-01-31T10:15:57Z
Salesforce Business System Analyst,Pleasanton,$50 - $66 / hr,Contractor,"https://www.ziprecruiter.com/c/Workday/Job/Salesforce-Business-System-Analyst/-in-Pleasanton,CA?jid=d78d0d351fc2e063",Workday,2023-09-23T10:46:28Z,,d78d0d351fc2e063,2024-01-31T10:15:57Z
Service Now Business Analyst,Seattle,$0 / ,Contractor,"https://www.ziprecruiter.com/c/Resource-Logistics/Job/Service-Now-Business-Analyst/-in-Seattle,WA?jid=00fbfb05fd940703",Resource Logistics,2024-01-26T08:00:00Z,,00fbfb05fd940703,2024-01-31T10:15:57Z
Business Analyst (W2),San Francisco,$33 / hr,Contractor,"https://www.ziprecruiter.com/c/Ask-IT-consulting/Job/Business-Analyst-(W2)/-in-San-Francisco,CA?jid=402d096f9bdbdf78",Ask IT consulting,2017-08-30T07:00:00Z,,402d096f9bdbdf78,2024-01-31T10:15:57Z
Salesforce Business Analyst,Los Angeles,$65 - $75 / hr,Contractor,"https://www.ziprecruiter.com/c/TEKsystems/Job/Salesforce-Business-Analyst/-in-Los-Angeles,CA?jid=59ad5a1425d55b31",TEKsystems,2024-01-19T02:09:56Z,,59ad5a1425d55b31,2024-01-31T10:15:57Z
Business Analyst,Austin,$0 / ,Contractor,"https://www.ziprecruiter.com/c/RIT-Solutions/Job/Business-Analyst/-in-Austin,TX?jid=f2eedb3cbcf0c184",RIT Solutions,2023-09-13T02:19:31Z,,f2eedb3cbcf0c184,2024-01-31T10:15:57Z
Senior Project Analyst,Newport Beach,$45 - $55 / hr,Contractor,"https://www.ziprecruiter.com/c/Peregrine-Team/Job/Senior-Project-Analyst/-in-Newport-Beach,CA?jid=696046f07b3f513b",Peregrine Team,2024-01-12T04:08:22Z,,696046f07b3f513b,2024-01-31T10:15:57Z
Business Analyst with OSS,Addison,$0 / ,Contractor,"https://www.ziprecruiter.com/c/Manual-Tester-Monterrey-empleos-en-mexico/Job/Business-Analyst-with-OSS/-in-Addison,TX?jid=9e7417dd1c1f88cc",Manual Tester - Monterrey - empleos en mexico,2023-05-01T07:00:00Z,,9e7417dd1c1f88cc,2024-01-31T10:15:57Z
Finance transformation Portfolio Manager,San Francisco,$80 - $90 / hr,Contractor,"https://www.ziprecruiter.com/c/FOCUSKPI-INC/Job/Finance-transformation-Portfolio-Manager/-in-San-Francisco,CA?jid=349b5a3a67026d07",FOCUSKPI INC,2024-01-30T00:23:14Z,remote,349b5a3a67026d07,2024-01-31T10:15:57Z
Guidewire Policy Center Business Analyst,Plano,$0 / ,Contractor,"https://www.ziprecruiter.com/c/eTeam/Job/Guidewire-Policy-Center-Business-Analyst/-in-Plano,TX?jid=ddae77463e8067ae",eTeam,2023-10-18T07:00:00Z,,ddae77463e8067ae,2024-01-31T10:15:57Z
Business Analyst,Oakland,$52 - $60 / hr,Contractor,"https://www.ziprecruiter.com/c/Global-Technical-Talent/Job/Business-Analyst/-in-Oakland,CA?jid=aeccd330bca1fb72",Global Technical Talent,2024-01-16T08:00:00Z,,aeccd330bca1fb72,2024-01-31T10:15:57Z
Business Analyst with PM & Leadership skills,Remote,$0 / ,Contractor,"https://www.ziprecruiter.com/c/AppLab-Systems,-Inc./Job/Business-Analyst-with-PM-&-Leadership-skills/-in-Remote,OR?jid=bb1ea7e7df1170cd","AppLab Systems, Inc.",2022-10-12T07:00:00Z,remote,bb1ea7e7df1170cd,2024-01-31T10:15:57Z
"Business Analyst - IAM, Sailpoint, Saviynt",Los Angeles,$78.87 / hr,Contractor,"https://www.ziprecruiter.com/c/Intelliswift-Software-Inc/Job/Business-Analyst-IAM,-Sailpoint,-Saviynt/-in-Los-Angeles,CA?jid=35f4b88934f149cb",Intelliswift Software Inc,2023-11-07T22:23:16Z,,35f4b88934f149cb,2024-01-31T10:15:57Z
Business Analyst,Phoenix,$0 / ,Contractor,"https://www.ziprecruiter.com/c/Futrell-Solutions/Job/Business-Analyst/-in-Phoenix,AZ?jid=e860d67fda5b3ed3",Futrell Solutions,2015-02-03T08:00:00Z,,e860d67fda5b3ed3,2024-01-31T10:15:57Z
"Business Analyst - IAM, Sailpoint, Saviynt",Los Angeles,$78.87 / hr,Contractor,"https://www.ziprecruiter.com/c/Intelliswift-Software-Inc/Job/Business-Analyst-IAM,-Sailpoint,-Saviynt/-in-Los-Angeles,CA?jid=35f4b88934f149cb",Intelliswift Software Inc,2023-11-07T22:23:16Z,,35f4b88934f149cb,2024-01-31T10:16:03Z
Business Analyst,Phoenix,$0 / ,Contractor,"https://www.ziprecruiter.com/c/Futrell-Solutions/Job/Business-Analyst/-in-Phoenix,AZ?jid=e860d67fda5b3ed3",Futrell Solutions,2015-02-03T08:00:00Z,,e860d67fda5b3ed3,2024-01-31T10:16:03Z
Business Analyst (40108),Phoenix,$0 / ,Contractor,"https://www.ziprecruiter.com/c/IDEALFORCE-LLC/Job/Business-Analyst-(40108)/-in-Phoenix,AZ?jid=22d1ddaa94429559",IDEALFORCE LLC,2016-04-22T07:00:00Z,,22d1ddaa94429559,2024-01-31T10:16:03Z
Business Analyst(34088),Phoenix,$0 / ,Contractor,"https://www.ziprecruiter.com/c/IDEALFORCE-LLC/Job/Business-Analyst(34088)/-in-Phoenix,AZ?jid=6f1c57c057a5a5a5",IDEALFORCE LLC,2015-05-08T07:00:00Z,,6f1c57c057a5a5a5,2024-01-31T10:16:03Z
Social Media Expert,Irvine,$200 - $350 / wk,Contractor,"https://www.ziprecruiter.com/c/Powerhouse-Esports-INC/Job/Social-Media-Expert/-in-Irvine,CA?jid=89252377be49ce8d",Powerhouse Esports INC,2024-01-26T18:08:15Z,,89252377be49ce8d,2024-01-31T10:16:03Z
Wells Fargo - Loan IQ Business Analyst,Irving,$0 / ,Contractor,"https://www.ziprecruiter.com/c/Artech/Job/Wells-Fargo-Loan-IQ-Business-Analyst/-in-Irving,TX?jid=afcf949a890e26e3",Artech,2023-09-26T07:00:00Z,,afcf949a890e26e3,2024-01-31T10:16:03Z
Business Analyst - Systems Analyst,Las Vegas,$30 / hr,Contractor,"https://www.ziprecruiter.com/c/BCforward/Job/Business-Analyst-Systems-Analyst/-in-Las-Vegas,NV?jid=818ca4573dffc5a3",BCforward,2016-10-17T07:00:00Z,,818ca4573dffc5a3,2024-01-31T10:16:03Z
Business Analyst,Frisco,$0 / ,Contractor,"https://www.ziprecruiter.com/c/Micasa-Global/Job/Business-Analyst/-in-Frisco,TX?jid=57deb0b8c2701697",Micasa Global,2022-01-05T16:50:50Z,,57deb0b8c2701697,2024-01-31T10:16:03Z
Business Analyst with Pricefx Experience - Remote,Alturas,$0 / ,Contractor,"https://www.ziprecruiter.com/c/Release-Manger-Project-Manager-The-Dignify-Solutions/Job/Business-Analyst-with-Pricefx-Experience-Remote/-in-Alturas,CA?jid=01abfa45551ee5b1",Release Manger/ Project Manager - The Dignify Solutions,2023-10-19T07:00:00Z,remote,01abfa45551ee5b1,2024-01-31T10:16:03Z
Salesforce Business Analyst (Service Cloud),Sunnyvale,$0 / ,Contractor,"https://www.ziprecruiter.com/c/Staffroot/Job/Salesforce-Business-Analyst-(Service-Cloud)/-in-Sunnyvale,CA?jid=d889ac9370325229",Staffroot,2024-01-30T23:34:36Z,,d889ac9370325229,2024-01-31T10:16:03Z
Pricing Operations Analyst,San Jose,$50 - $52 / hr,Contractor,"https://www.ziprecruiter.com/c/IntelliPro-Group-Inc./Job/Pricing-Operations-Analyst/-in-San-Jose,CA?jid=0cacd570602289f6",IntelliPro Group Inc.,2024-01-31T00:18:40Z,,0cacd570602289f6,2024-01-31T10:16:03Z
Independent Contractor - Tax Preparer,Denver,$18 - $30 / hr,Contractor,"https://www.ziprecruiter.com/c/RUE-Specialty-Services/Job/Independent-Contractor-Tax-Preparer/-in-Denver,CO?jid=629b255fed1e5829",RUE Specialty Services,2024-01-03T22:56:20Z,remote,629b255fed1e5829,2024-01-31T10:16:03Z
EDI Business Analyst,Denver,$0 / ,Contractor,"https://www.ziprecruiter.com/c/Quantix/Job/EDI-Business-Analyst/-in-Denver,CO?jid=632938c7f1ed2a82",Quantix,2017-01-19T08:00:00Z,,632938c7f1ed2a82,2024-01-31T10:16:03Z
Business Analyst,Irvine,$0 / ,Contractor,"https://www.ziprecruiter.com/c/Two95-International-Inc./Job/Business-Analyst/-in-Irvine,CA?jid=c2adb0870d2924f5",Two95 International Inc.,2018-09-20T22:37:52Z,,c2adb0870d2924f5,2024-01-31T10:16:03Z
IT Business Analyst,Portland,$0 / ,Contractor,"https://www.ziprecruiter.com/c/Mavensoft-Technologies,-LLC./Job/IT-Business-Analyst/-in-Portland,OR?jid=264d5578371bdcaa","Mavensoft Technologies, LLC.",2024-01-24T03:49:36Z,remote,264d5578371bdcaa,2024-01-31T10:16:03Z
Business Analyst,Phoenix,$0 / ,Contractor,"https://www.ziprecruiter.com/c/Collabera/Job/Business-Analyst/-in-Phoenix,AZ?jid=ad76823fea53b021",Collabera,2016-02-19T08:00:00Z,,ad76823fea53b021,2024-01-31T10:16:03Z
Business Intelligence Analyst,San Francisco,$75 / hr,Contractor,"https://www.ziprecruiter.com/c/Estrada-Consulting-Incorporated/Job/Business-Intelligence-Analyst/-in-San-Francisco,CA?jid=0008e628e95ca8b5",Estrada Consulting Incorporated,2024-01-22T21:58:38Z,,0008e628e95ca8b5,2024-01-31T10:16:03Z
Senior Business Analyst with P&C - 100% Remote,Waimanalo,$92K - $119K / yr,Contractor,"https://www.ziprecruiter.com/c/Release-Manger-Project-Manager-The-Dignify-Solutions/Job/Senior-Business-Analyst-with-P&C-100-Remote/-in-Waimanalo,HI?jid=8f018c1401b26718",Release Manger/ Project Manager - The Dignify Solutions,2023-08-25T07:00:00Z,remote,8f018c1401b26718,2024-01-31T10:16:03Z
EAD GC and Citizens Only Business Analyst with Insurance,Newport Beach,$0 / ,Contractor,"https://www.ziprecruiter.com/c/USM/Job/EAD-GC-and-Citizens-Only-Business-Analyst-with-Insurance/-in-Newport-Beach,CA?jid=f6ef50cb9e373e12",USM,2016-07-18T07:00:00Z,,f6ef50cb9e373e12,2024-01-31T10:16:03Z
IT Business Analyst - Court Interpreter System,Seattle,$0 / ,Contractor,"https://www.ziprecruiter.com/c/Sabot-Consulting/Job/IT-Business-Analyst-Court-Interpreter-System/-in-Seattle,WA?jid=bd46015dc4746e60",Sabot Consulting,2024-01-22T05:36:44Z,remote,bd46015dc4746e60,2024-01-31T10:16:03Z
Business Analyst - Banking,Rosemead,$0 / ,Contractor,"https://www.ziprecruiter.com/c/IT-CURA-Inc./Job/Business-Analyst-Banking/-in-Rosemead,CA?jid=f3d20e7b07df7ed2",IT CURA Inc.,2016-06-28T07:00:00Z,,f3d20e7b07df7ed2,2024-01-31T10:16:09Z
Identity and Access Management Business Analyst,Seattle,$0 / ,Contractor,"https://www.ziprecruiter.com/c/Adept-Solutions-Inc./Job/Identity-and-Access-Management-Business-Analyst/-in-Seattle,WA?jid=737518aa380cbf71",Adept Solutions Inc.,2016-03-29T07:00:00Z,,737518aa380cbf71,2024-01-31T10:16:09Z
Business Analyst (PSO Engineering),Seattle,$0 / ,Contractor,"https://www.ziprecruiter.com/c/Abacus-Service-Corporation/Job/Business-Analyst-(PSO-Engineering)/-in-Seattle,WA?jid=e85140f1041dbe17",Abacus Service Corporation,2023-11-09T08:00:00Z,,e85140f1041dbe17,2024-01-31T10:16:09Z
Business Analyst,Carson City,$0 / ,Contractor,"https://www.ziprecruiter.com/c/Link-Technologies/Job/Business-Analyst/-in-Carson-City,NV?jid=133a35411c02198d",Link Technologies,2016-11-21T08:00:00Z,,133a35411c02198d,2024-01-31T10:16:09Z
Business Analyst,Salem,$0 / ,Contractor,"https://www.ziprecruiter.com/c/Stem-Xpert/Job/Business-Analyst/-in-Salem,OR?jid=ae443625ff4fb5c7",Stem Xpert,2014-08-15T07:00:00Z,,ae443625ff4fb5c7,2024-01-31T10:16:09Z
Medical Billing Sales/Marketing Expert,Remote,"$60,000 / yr",Contractor,"https://www.ziprecruiter.com/c/Rev-Cycle-Synergy/Job/Medical-Billing-Sales-Marketing-Expert/-in-Remote,OR?jid=1a4653ab403ea095",Rev Cycle Synergy,2024-01-29T17:23:07Z,remote,1a4653ab403ea095,2024-01-31T10:16:09Z
Business Analyst,Long Beach,$0 / ,Contractor,"https://www.ziprecruiter.com/c/Prosum/Job/Business-Analyst/-in-Long-Beach,CA?jid=2ea52082f8a2a2be",Prosum,2016-03-23T07:00:00Z,,2ea52082f8a2a2be,2024-01-31T10:16:09Z
Business Analyst,Seattle,$0 / ,Contractor,"https://www.ziprecruiter.com/c/Stem-Xpert/Job/Business-Analyst/-in-Seattle,WA?jid=45db26fa7763f05b",Stem Xpert,2014-01-02T08:00:00Z,,45db26fa7763f05b,2024-01-31T10:16:09Z
"Business Analyst, Associate",Reno,$0 / ,Contractor,"https://www.ziprecruiter.com/c/Westinghouse-Electric-Company,-LLC/Job/Business-Analyst,-Associate/-in-Reno,NV?jid=278f3dfaba5fedac","Westinghouse Electric Company, LLC",2023-12-16T10:13:04Z,,278f3dfaba5fedac,2024-01-31T10:16:09Z
Business Analyst,Redmond,$0 / ,Contractor,"https://www.ziprecruiter.com/c/Tepui-Consulting/Job/Business-Analyst/-in-Redmond,WA?jid=eb322924fbcff8bc",Tepui Consulting,2023-07-02T00:00:00Z,,eb322924fbcff8bc,2024-01-31T10:16:09Z
Business Analyst - License Royalty,Redmond,$0 / ,Contractor,"https://www.ziprecruiter.com/c/Tepui-Consulting/Job/Business-Analyst-License-Royalty/-in-Redmond,WA?jid=c6617e8cfbc2e86f",Tepui Consulting,2023-06-25T00:00:00Z,,c6617e8cfbc2e86f,2024-01-31T10:16:09Z
Business Analyst (Business Data Analyst),San Francisco,$0 / ,Contractor,"https://www.ziprecruiter.com/c/H1B-Sponsorship-Jobs-in-Usa/Job/Business-Analyst-(Business-Data-Analyst)/-in-San-Francisco,CA?jid=35093afff9755bdb",H1B Sponsorship Jobs in Usa,2023-11-29T08:00:00Z,,35093afff9755bdb,2024-01-31T10:16:09Z
Business Analyst 3,Austin,$48 - $52.81 / hr,Contractor,"https://www.ziprecruiter.com/c/NextDeavor,-Inc./Job/Business-Analyst-3/-in-Austin,TX?jid=05f79b18c4e74650","NextDeavor, Inc.",2023-12-12T08:00:00Z,remote,05f79b18c4e74650,2024-01-31T10:16:09Z
Multiple Financial Business Analysts,El Segundo,$50 / hr,Contractor,"https://www.ziprecruiter.com/c/Motocol/Job/Multiple-Financial-Business-Analysts/-in-El-Segundo,CA?jid=e0ea5222acb0fe12",Motocol,2015-12-02T08:00:00Z,,e0ea5222acb0fe12,2024-01-31T10:16:09Z
Sr Business Analyst,Las Vegas,$88K - $114K / yr,Contractor,"https://www.ziprecruiter.com/c/Fusion-HCR/Job/Sr-Business-Analyst/-in-Las-Vegas,NV?jid=77a311c291bcb1a1",Fusion HCR,2023-05-03T06:23:01Z,remote,77a311c291bcb1a1,2024-01-31T10:16:09Z
"Business Analyst - Bellevue, WA",Bellevue,$0 / ,Contractor,"https://www.ziprecruiter.com/c/Deegit-Inc/Job/Business-Analyst-Bellevue,-WA/-in-Bellevue,WA?jid=0bbda513396bdfd5",Deegit Inc,2015-09-16T00:00:00Z,,0bbda513396bdfd5,2024-01-31T10:16:09Z
Business Analyst,Bellevue,$0 / ,Contractor,"https://www.ziprecruiter.com/c/AditiStaffing/Job/Business-Analyst/-in-Bellevue,WA?jid=18fd30639b006401",AditiStaffing,2015-11-10T08:00:00Z,,18fd30639b006401,2024-01-31T10:16:09Z
"Business Analyst / ERP Business Analyst - Los Angeles, CA",Los Angeles,$0 / ,Contractor,"https://www.ziprecruiter.com/c/Two95-International-Inc./Job/Business-Analyst-ERP-Business-Analyst-Los-Angeles,-CA/-in-Los-Angeles,CA?jid=6f069602d776a9ca",Two95 International Inc.,2019-05-22T07:00:00Z,,6f069602d776a9ca,2024-01-31T10:16:09Z
Business Analyst / Functional Lead,Torrance,$0 / ,Contractor,"https://www.ziprecruiter.com/c/Cogent-Infotech/Job/Business-Analyst-Functional-Lead/-in-Torrance,CA?jid=616295c121ccbb26",Cogent Infotech,2023-01-30T08:00:00Z,,616295c121ccbb26,2024-01-31T10:16:09Z
Business Analyst (only W2),Ventura,$0 / ,Contractor,"https://www.ziprecruiter.com/c/Enegra-systems/Job/Business-Analyst-(only-W2)/-in-Ventura,CA?jid=686221b27197f11e",Enegra systems,2018-03-21T00:00:00Z,,686221b27197f11e,2024-01-31T10:16:21Z
Business Analyst (W2),Irvine,$0 / ,Contractor,"https://www.ziprecruiter.com/c/Ask-IT-consulting/Job/Business-Analyst-(W2)/-in-Irvine,CA?jid=75d316315c2cbb83",Ask IT consulting,2017-08-24T07:00:00Z,,75d316315c2cbb83,2024-01-31T10:16:21Z
Business Analyst Oracle CC&B,Los Angeles,$0 / ,Contractor,"https://www.ziprecruiter.com/c/Deegit-Inc/Job/Business-Analyst-Oracle-CC&B/-in-Los-Angeles,CA?jid=aa8ea327e8b6f0cf",Deegit Inc,2017-03-29T00:00:00Z,,aa8ea327e8b6f0cf,2024-01-31T10:16:21Z
Lead Business Analyst with Informatica MDM and Customer Life cycle,San Francisco,$0 / ,Contractor,"https://www.ziprecruiter.com/c/Inter-Sources-Inc/Job/Lead-Business-Analyst-with-Informatica-MDM-and-Customer-Life-cycle/-in-San-Francisco,CA?jid=e5154972237cc7e7",Inter Sources Inc,2017-12-19T00:00:00Z,,e5154972237cc7e7,2024-01-31T10:16:21Z
Digital eCommerce Analyst,Calabasas,$30 / hr,Contractor,"https://www.ziprecruiter.com/c/Adecco/Job/Digital-eCommerce-Analyst/-in-Calabasas,CA?jid=2a13145ded493872",Adecco,2024-01-05T00:28:47Z,,2a13145ded493872,2024-01-31T10:16:21Z
Business Analyst (BA) Configuration Management Specialist (Lead) [1000C0],Olympia,$0 / ,Contractor,"https://www.ziprecruiter.com/c/ProSidian-Consulting,-LLC/Job/Business-Analyst-(BA)-Configuration-Management-Specialist-(Lead)-[1000C0]/-in-Olympia,WA?jid=41bf4a2234bc4a6d","ProSidian Consulting, LLC",2019-03-05T08:00:00Z,,41bf4a2234bc4a6d,2024-01-31T10:16:21Z
Business Analyst with MES Domain,San Jose,$0 / ,Contractor,"https://www.ziprecruiter.com/c/Micasa-Global/Job/Business-Analyst-with-MES-Domain/-in-San-Jose,CA?jid=05989ea7a062a3fe",Micasa Global,2023-01-19T08:00:00Z,,05989ea7a062a3fe,2024-01-31T10:16:21Z
Business Analyst,Rancho Cordova,$0 / ,Contractor,"https://www.ziprecruiter.com/c/USM/Job/Business-Analyst/-in-Rancho-Cordova,CA?jid=3507097ae41f9a24",USM,2016-02-04T08:00:00Z,,3507097ae41f9a24,2024-01-31T10:16:21Z
"(Agile1)Business Analyst, Associate",Oakland,$48.85 / hr,Contractor,"https://www.ziprecruiter.com/c/Axelon/Job/(Agile1)Business-Analyst,-Associate/-in-Oakland,CA?jid=ff09a50f2b784322",Axelon,2023-12-26T08:00:00Z,,ff09a50f2b784322,2024-01-31T10:16:21Z
Business analyst_local to California_w2_government experience preferred,Sacramento,$0 / ,Contractor,"https://www.ziprecruiter.com/c/360-IT-Professionals/Job/Business-analyst_local-to-California_w2_government-experience-preferred/-in-Sacramento,CA?jid=bb6c7bcf76159ed5",360 IT Professionals,2017-05-13T07:00:00Z,,bb6c7bcf76159ed5,2024-01-31T10:16:21Z
Learning Analytics & Quality Lead,Austin,$0 / ,Contractor,"https://www.ziprecruiter.com/c/Yellow-Dolphin-LLC/Job/Learning-Analytics-&-Quality-Lead/-in-Austin,TX?jid=bbdb667267796aca",Yellow Dolphin LLC,2021-01-15T19:24:49Z,remote,bbdb667267796aca,2024-01-31T10:16:21Z
Business Analyst.,Sacramento,$0 / ,Contractor,"https://www.ziprecruiter.com/c/Stellent-IT-LLC/Job/Business-Analyst./-in-Sacramento,CA?jid=89d0d2403079acb3",Stellent IT LLC,2021-10-22T15:51:22Z,,89d0d2403079acb3,2024-01-31T10:16:21Z
ETL Developer,Washington,$57.75 - $75.50 / hr,Contractor,"https://www.ziprecruiter.com/c/SynOpt-LLC/Job/ETL-Developer/-in-Washington,DC?jid=71bcef3dfef2dbed",SynOpt LLC,2021-05-19T14:30:36Z,,71bcef3dfef2dbed,2024-01-31T10:16:21Z
Business Analyst,Palo Alto,$0 / ,Contractor,"https://www.ziprecruiter.com/c/eTeam/Job/Business-Analyst/-in-Palo-Alto,CA?jid=0902720fe2024a81",eTeam,2021-07-13T04:57:05Z,remote,0902720fe2024a81,2024-01-31T10:16:21Z
Business Analyst,Concord,$0 / ,Contractor,"https://www.ziprecruiter.com/c/Perfict-Global/Job/Business-Analyst/-in-Concord,CA?jid=af923f7d874f879a",Perfict Global,2023-11-29T08:00:00Z,,af923f7d874f879a,2024-01-31T10:16:21Z
Business Systems Analyst - Peoplesoft,San Francisco,$0 / ,Contractor,"https://www.ziprecruiter.com/c/Vision-It-US/Job/Business-Systems-Analyst-Peoplesoft/-in-San-Francisco,CA?jid=1759e662a9103ac9",Vision It US,2024-01-24T21:25:08Z,,1759e662a9103ac9,2024-01-31T10:16:21Z
Business Analyst,Woodland,$0 / ,Contractor,"https://www.ziprecruiter.com/c/PYRAMID-TECHNOLOGIES/Job/Business-Analyst/-in-Woodland,CA?jid=b05b90599816a750",PYRAMID TECHNOLOGIES,2016-10-27T07:00:00Z,,b05b90599816a750,2024-01-31T10:16:21Z
Business Analyst,Pasadena,$0 / ,Contractor,"https://www.ziprecruiter.com/c/ATR-International/Job/Business-Analyst/-in-Pasadena,CA?jid=457ad415f851c064",ATR International,2018-05-18T07:00:00Z,,457ad415f851c064,2024-01-31T10:16:21Z
Title Business Analyst (MS Acess 2010),Sacramento,$0 / ,Contractor,"https://www.ziprecruiter.com/c/Telligentech-Inc/Job/Title-Business-Analyst-(MS-Acess-2010)/-in-Sacramento,CA?jid=2b5c28a6a9f534cb",Telligentech Inc,2013-09-11T07:00:00Z,,2b5c28a6a9f534cb,2024-01-31T10:16:21Z
IT Project Manager / Business Analyst,Temecula,$0 / ,Contractor,"https://www.ziprecruiter.com/c/Shiftcode-Analytics,-Inc/Job/IT-Project-Manager-Business-Analyst/-in-Temecula,CA?jid=71d4063a7fd2287e","Shiftcode Analytics, Inc",2023-10-20T22:39:22Z,,71d4063a7fd2287e,2024-01-31T10:16:21Z
